name,price,rating,stock
Set Me Free,￥152.59,Five,19
Mesaerion: The Best Science Fiction Stories 1800-1849,￥328.52,One,19
It's Only the Himalayas,￥394.76,Two,19
Libertarianism for Beginners,￥448.60,Two,19
Olio,￥208.70,One,19
Rip it Up and Start Again,￥306.06,Five,19
Shakespeare's Sonnets,￥180.56,Four,19
The Boys in the Boat: Nine Americans and Their Epic Quest for Gold at the 1936 Berlin Olympics,￥197.51,Four,19
The Requiem Red,￥197.95,One,19
"Starving Hearts (Triangular Trade Trilogy, #1)",￥122.27,Two,19
Sapiens: A Brief History of Humankind,￥473.94,Five,20
You can't bury them all: Poems,￥293.91,Two,17
"In a Dark, Dark Wood",￥171.56,One,18
"Our Band Could Be Your Life: Scenes from the American Indie Underground, 1981-1991",￥500.34,Three,19
The Black Maria,￥455.76,One,19
Maude (1883-1993):She Grew Up with the country,￥157.49,Two,18
Scott Pilgrim's Precious Little Life (Scott Pilgrim #1),￥456.99,Five,19
The Bear and the Piano,￥322.40,One,18
The Elephant Tree,￥208.17,Five,18
Behind Closed Doors,￥456.38,Four,18
The Five Love Languages: How to Express Heartfelt Commitment to Your Mate,￥271.36,Three,18
The Four Agreements: A Practical Guide to Personal Freedom,￥154.34,Five,18
Wall and Piece,￥386.11,Four,18
Penny Maybe,￥290.94,Three,18
Sophie's World,￥139.31,Five,18
"The Pioneer Woman Cooks: Dinnertime: Comfort Classics, Freezer Food, 16-Minute Meals, and Other Delicious Ways to Solve Supper!",￥493.00,One,16
Thirst,￥150.93,Five,16
The Dirty Little Secrets of Getting Your Dream Job,￥291.37,Four,19
The Secret of Dreadwillow Carse,￥490.55,One,16
This One Summer,￥170.33,Four,16
Unicorn Tracks,￥164.13,Three,16
The Natural History of Us (The Fine Art of Pretending #2),￥395.20,Three,16
"Unbound: How Eight Technologies Made Us Human, Transformed Society, and Brought Our World to the Brink",￥223.03,One,16
"Unseen City: The Majesty of Pigeons, the Discreet Charm of Snails & Other Wonders of the Urban Wilderness",￥386.11,Four,16
Tsubasa: WoRLD CHRoNiCLE 2 (Tsubasa WoRLD CHRoNiCLE #2),￥142.28,One,16
"The Coming Woman: A Novel Based on the Life of the Infamous Feminist, Victoria Woodhull",￥156.70,Three,19
The Past Never Ends,￥493.78,Four,16
The Torch Is Passed: A Harding Family Story,￥166.84,One,16
When We Collided,￥277.65,One,16
"We Love You, Charlie Freeman",￥439.33,Five,16
"Rat Queens, Vol. 3: Demons (Rat Queens (Collected Editions) #11-15)",￥440.47,Three,16
"Saga, Volume 5 (Saga (Collected Editions) #5)",￥446.06,Two,16
Without Borders (Wanderlove #1),￥393.89,Two,16
Reskilling America: Learning to Labor in the Twenty-First Century,￥173.30,Two,16
Throwing Rocks at the Google Bus: How Growth Became the Enemy of Prosperity,￥271.97,Three,16
"Saga, Volume 6 (Saga (Collected Editions) #6)",￥218.66,Three,16
Private Paris (Private #10),￥416.09,Five,17
The Activist's Tao Te Ching: Ancient Advice for a Modern Revolution,￥281.76,Five,16
The Art Forger,￥356.22,Three,16
Spark Joy: An Illustrated Master Class on the Art of Organizing and Tidying Up,￥365.57,Four,16
The Age of Genius: The Seventeenth Century and the Birth of the Modern Mind,￥172.43,One,16
Soul Reader,￥345.91,Two,16
"The Bulletproof Diet: Lose up to a Pound a Day, Reclaim Energy and Focus, Upgrade Your Life",￥428.67,Three,16
"The Inefficiency Assassin: Time Management Tactics for Working Smarter, Not Longer",￥179.95,Five,16
The Gutsy Girl: Escapades for Your Life of Epic Adventure,￥324.50,One,16
The Death of Humanity: and the Case for Life,￥507.85,Four,16
Security,￥343.03,Two,16
name,price,rating,stock
Libertarianism for Beginners,￥448.60,Two,19
Scott Pilgrim's Precious Little Life (Scott Pilgrim #1),￥456.99,Five,19
The Black Maria,￥455.76,One,19
The Boys in the Boat: Nine Americans and Their Epic Quest for Gold at the 1936 Berlin Olympics,￥197.51,Four,19
"The Coming Woman: A Novel Based on the Life of the Infamous Feminist, Victoria Woodhull",￥156.70,Three,19
"Starving Hearts (Triangular Trade Trilogy, #1)",￥122.27,Two,19
The Requiem Red,￥197.95,One,19
Sapiens: A Brief History of Humankind,￥473.94,Five,20
Sharp Objects,￥417.92,Four,20
The Dirty Little Secrets of Getting Your Dream Job,￥291.37,Four,19
Olio,￥208.70,One,19
Set Me Free,￥152.59,Five,19
Shakespeare's Sonnets,￥180.56,Four,19
Soumission,￥437.85,One,20
Tipping the Velvet,￥469.66,One,20
A Light in the Attic,￥452.44,Three,22
"Our Band Could Be Your Life: Scenes from the American Indie Underground, 1981-1991",￥500.34,Three,19
You can't bury them all: Poems,￥293.91,Two,17
Behind Closed Doors,￥456.38,Four,18
"In a Dark, Dark Wood",￥171.56,One,18
Penny Maybe,￥290.94,Three,18
Sophie's World,￥139.31,Five,18
Maude (1883-1993):She Grew Up with the country,￥157.49,Two,18
The Elephant Tree,￥208.17,Five,18
Rip it Up and Start Again,￥306.06,Five,19
The Bear and the Piano,￥322.40,One,18
Mesaerion: The Best Science Fiction Stories 1800-1849,￥328.52,One,19
Worlds Elsewhere: Journeys Around Shakespeare’s Globe,￥352.20,Five,18
Birdsong: A Story in Pictures,￥477.53,Three,19
Wall and Piece,￥386.11,Four,18
The Four Agreements: A Practical Guide to Personal Freedom,￥154.34,Five,18
Black Dust,￥301.77,Five,19
Aladdin and His Wonderful Lamp,￥464.33,Three,19
America's Cradle of Quarterbacks: Western Pennsylvania's Football Factory from Johnny Unitas to Joe Montana,￥196.64,Three,19
"Foolproof Preserving: A Guide to Small Batch Jams, Jellies, Pickles, Condiments, and More: A Foolproof Guide to Making Small Batch Jams, Jellies, Pickles, Condiments, and More",￥266.73,Three,19
In Her Wake,￥112.22,One,19
The Natural History of Us (The Fine Art of Pretending #2),￥395.20,Three,16
The Past Never Ends,￥493.78,Four,16
"The Pioneer Woman Cooks: Dinnertime: Comfort Classics, Freezer Food, 16-Minute Meals, and Other Delicious Ways to Solve Supper!",￥493.00,One,16
How Music Works,￥326.16,Two,19
It's Only the Himalayas,￥394.76,Two,19
The Torch Is Passed: A Harding Family Story,￥166.84,One,16
Thirst,￥150.93,Five,16
Tsubasa: WoRLD CHRoNiCLE 2 (Tsubasa WoRLD CHRoNiCLE #2),￥142.28,One,16
The Five Love Languages: How to Express Heartfelt Commitment to Your Mate,￥271.36,Three,18
This One Summer,￥170.33,Four,16
Chase Me (Paris Nights #2),￥220.85,Five,19
"Unbound: How Eight Technologies Made Us Human, Transformed Society, and Brought Our World to the Brink",￥223.03,One,16
Unicorn Tracks,￥164.13,Three,16
Throwing Rocks at the Google Bus: How Growth Became the Enemy of Prosperity,￥271.97,Three,16
The Secret of Dreadwillow Carse,￥490.55,One,16
When We Collided,￥277.65,One,16
Without Borders (Wanderlove #1),￥393.89,Two,16
"We Love You, Charlie Freeman",￥439.33,Five,16
Private Paris (Private #10),￥416.09,Five,17
Reasons to Stay Alive,￥230.81,Two,17
"Saga, Volume 6 (Saga (Collected Editions) #6)",￥218.66,Three,16
Slow States of Collapse: Poems,￥500.86,Three,17
Security,￥343.03,Two,16
Spark Joy: An Illustrated Master Class on the Art of Organizing and Tidying Up,￥365.57,Four,16
"Rat Queens, Vol. 3: Demons (Rat Queens (Collected Editions) #11-15)",￥440.47,Three,16
#HigherSelfie: Wake Up Your Life. Free Your Soul. Find Your Tribe.,￥201.97,Five,17
Reskilling America: Learning to Labor in the Twenty-First Century,￥173.30,Two,16
The Activist's Tao Te Ching: Ancient Advice for a Modern Revolution,￥281.76,Five,16
"Saga, Volume 5 (Saga (Collected Editions) #5)",￥446.06,Two,16
Untitled Collection: Sabbath Poems 2014,￥124.71,Four,16
The Age of Genius: The Seventeenth Century and the Birth of the Modern Mind,￥172.43,One,16
In the Country We Love: My Family Divided,￥192.27,Four,16
The Death of Humanity: and the Case for Life,￥507.85,Four,16
Judo: Seven Steps to Black Belt (an Introductory Guide for Beginners),￥471.06,Two,16
"Layered: Baking, Building, and Styling Spectacular Cakes",￥350.54,One,16
Join,￥311.74,Five,16
Lumberjanes Vol. 3: A Terrible Plan (Lumberjanes #9-12),￥174.09,Two,16
"The Bulletproof Diet: Lose up to a Pound a Day, Reclaim Energy and Focus, Upgrade Your Life",￥428.67,Three,16
"Lumberjanes, Vol. 1: Beware the Kitten Holy (Lumberjanes #1-4)",￥398.61,Three,16
"Mama Tried: Traditional Italian Cooking for the Screwed, Crude, Vegan, and Tattooed",￥122.53,Four,16
"Lumberjanes, Vol. 2: Friendship to the Max (Lumberjanes #5-8)",￥409.97,Two,16
Obsidian (Lux #1),￥129.87,Two,16
My Paris Kitchen: Recipes and Stories,￥291.64,Two,16
On a Midnight Clear,￥122.96,Three,16
Online Marketing for Busy Authors: A Step-By-Step Guide,￥405.08,One,16
orange: The Complete Collection 1 (orange: The Complete Collection #1),￥423.08,One,16
"Outcast, Vol. 1: A Darkness Surrounds Him (Outcast #1)",￥134.94,Four,16
Masks and Shadows,￥492.91,Two,16
Patience,￥88.79,Three,16
"Political Suicide: Missteps, Peccadilloes, Bad Calls, Backroom Hijinx, Sordid Pasts, Rotten Breaks, and Just Plain Dumb Mistakes in the Annals of American Politics",￥317.07,Two,16
"Avatar: The Last Airbender: Smoke and Shadow, Part 3 (Smoke and Shadow #3)",￥245.49,Two,16
"Bitch Planet, Vol. 1: Extraordinary Machine (Bitch Planet (Collected Editions))",￥331.40,Two,16
Bossypants,￥432.26,Two,16
Burning,￥251.78,Three,16
Soul Reader,￥345.91,Two,16
Camp Midnight,￥149.27,Four,16
"Princess Jellyfish 2-in-1 Omnibus, Vol. 01 (Princess Jellyfish 2-in-1 Omnibus #1)",￥118.94,Five,16
"Unseen City: The Majesty of Pigeons, the Discreet Charm of Snails & Other Wonders of the Urban Wilderness",￥386.11,Four,16
Crown of Midnight (Throne of Glass #2),￥378.33,Three,16
The Art Forger,￥356.22,Three,16
Danganronpa Volume 1,￥454.37,Four,16
The Third Wave: An Entrepreneur’s Vision of the Future,￥110.21,Five,15
"Codename Baboushka, Volume 1: The Conclave of Death",￥320.91,Four,16
The Stranger,￥152.42,Four,15
The Vacationers,￥368.37,Four,15
"Pop Gun War, Volume 1: Gift",￥165.79,One,16
Thirteen Reasons Why,￥460.75,One,15
The Wedding Dress,￥210.80,One,15
Throne of Glass (Throne of Glass #1),￥306.49,Three,15
The White Cat and the Monk: A Retelling of the Poem “Pangur Bán”,￥507.59,Four,15
Tracing Numbers on a Train,￥363.56,Three,15
Call the Nurse: True Stories of a Country Nurse on a Scottish Isle,￥254.67,Five,16
Tuesday Nights in 1980,￥183.88,Two,15
Thomas Jefferson and the Tripoli Pirates: The Forgotten War That Changed American History,￥521.22,One,15
A Court of Thorns and Roses (A Court of Thorns and Roses #1),￥457.69,One,16
A Flight of Arrows (The Pathfinders #2),￥485.30,Five,16
(Un)Qualified: How God Uses Broken People to Do Big Things,￥471.93,Five,16
A Fierce and Subtle Poison,￥245.84,Four,16
A Murder in Time,￥145.43,One,16
Algorithms to Live By: The Computer Science of Human Decisions,￥269.26,One,16
"Don't Be a Jerk: And Other Practical Advice from Dogen, Japan's Greatest Zen Master",￥331.84,Two,16
"A Piece of Sky, a Grain of Rice: A Memoir in Four Meditations",￥496.05,Five,16
Everydata: The Misinformation Hidden in the Little Data You Consume Every Day,￥474.99,Two,16
You Are What You Love: The Spiritual Power of Habit,￥191.13,Four,15
"William Shakespeare's Star Wars: Verily, A New Hope (William Shakespeare's Star Wars #4)",￥378.42,Four,15
Forever and Forever: The Courtship of Henry Longfellow and Fanny Appleton,￥259.48,Three,16
"Giant Days, Vol. 2 (Giant Days #5-8)",￥193.23,Two,16
First and First (Five Boroughs #3),￥139.57,Four,16
How to Be Miserable: 40 Strategies You Already Use,￥402.28,One,16
Her Backup Boyfriend (The Sorensen Family #1),￥296.88,One,16
"I Hate Fairyland, Vol. 1: Madly Ever After (I Hate Fairyland (Compilations) #1-5)",￥254.93,Two,16
Fifty Shades Darker (Fifty Shades #2),￥191.92,One,16
Immunity: How Elie Metchnikoff Changed the Course of Modern Medicine,￥501.30,Five,16
The Gutsy Girl: Escapades for Your Life of Epic Adventure,￥324.50,One,16
The Life-Changing Magic of Tidying Up: The Japanese Art of Decluttering and Organizing,￥146.56,Three,16
"The Mindfulness and Acceptance Workbook for Anxiety: A Guide to Breaking Free from Anxiety, Phobias, and Worry Using Acceptance and Commitment Therapy",￥208.79,Four,16
The Most Perfect Thing: Inside (and Outside) a Bird's Egg,￥375.45,Four,16
"The Inefficiency Assassin: Time Management Tactics for Working Smarter, Not Longer",￥179.95,Five,16
The Electric Pencil: Drawings from Inside State Hospital No. 3,￥489.94,One,16
The Nameless City (The Nameless City #1),￥333.50,Four,16
Princess Between Worlds (Wide-Awake Princess #5),￥116.58,Five,16
A World of Flavor: Your Gluten Free Passport,￥375.36,One,16
I am a Hero Omnibus Volume 1,￥477.44,Three,16
The Murder That Never Was (Forensic Instincts #5),￥472.89,Three,16
The Emerald Mystery,￥202.32,Two,15
The Long Shadow of Small Ghosts: Murder and Memory in an American City,￥95.87,One,15
The Girl on the Train,￥480.85,Two,15
The Kite Runner,￥365.49,Four,15
The House by the Lake,￥322.92,One,15
The Love and Lemons Cookbook: An Apple-to-Zucchini Celebration of Impromptu Cooking,￥328.61,Two,15
The Matchmaker's Playbook (Wingmen Inc. #1),￥488.10,One,15
The Mistake (Off-Campus #2),￥378.33,Three,15
The Omnivore's Dilemma: A Natural History of Four Meals,￥333.94,Two,15
The Genius of Birds,￥150.67,One,15
The Project,￥93.08,One,15
The Nerdy Nummies Cookbook: Sweet Treats for the Geek in All of Us,￥326.33,Five,15
The Murder of Roger Ackroyd (Hercule Poirot #4),￥385.41,Four,15
The Psychopath Test: A Journey Through the Madness Industry,￥314.62,Two,15
The Secret (The Secret #1),￥239.20,Four,15
The Regional Office Is Under Attack!,￥448.86,Five,15
The Power of Now: A Guide to Spiritual Enlightenment,￥380.52,Two,15
Night Sky with Exit Wounds,￥358.76,One,15
The Glittering Court (The Glittering Court #1),￥386.99,One,15
"Nightingale, Sing",￥334.55,One,15
Romero and Juliet: A Tragic Tale of Love and Zombies,￥322.84,One,15
Redeeming Love,￥178.90,Five,15
Mrs. Houdini,￥264.37,Five,15
Poems That Make Grown Women Cry,￥124.01,Four,15
The Shadow Hero (The Shadow Hero),￥289.63,One,15
Scarlett Epstein Hates It Here,￥380.61,Five,15
The Cookies & Cups Cookbook: 125+ sweet & savory recipes reminding you to Always Eat Dessert First,￥360.50,One,15
"Shobu Samurai, Project Aryoku (#3)",￥253.97,Three,15
Something More Than This,￥141.93,Four,15
Soft Apocalypse,￥228.28,Two,15
The 10% Entrepreneur: Live Your Startup Dream Without Quitting Your Day Job,￥240.77,Three,15
So You've Been Publicly Shamed,￥106.88,Two,15
The Argonauts,￥95.52,Two,15
The Artist's Way: A Spiritual Path to Higher Creativity,￥336.38,Five,15
Poses for Artists Volume 1 - Dynamic and Sitting Poses: An Essential Reference for Figure Drawing and the Human Form,￥358.84,One,15
"Deliciously Ella Every Day: Quick and Easy Recipes for Gluten-Free Snacks, Packed Lunches, and Simple Meals",￥368.46,Three,15
The Bridge to Consciousness: I'm Writing the Bridge Between Science and Our Old and New Beliefs.,￥279.66,Three,15
Drive: The Surprising Truth About What Motivates Us,￥305.45,Four,15
Doing It Over (Most Likely To #1),￥311.21,Three,15
"Fables, Vol. 1: Legends in Exile (Fables #1)",￥363.74,Four,15
Done Rubbed Out (Reightman & Bailey #1),￥329.65,Five,15
Finders Keepers (Bill Hodges Trilogy #2),￥467.83,Five,15
First Steps for New Christians (Print Edition),￥253.45,One,15
The Art of War,￥291.37,Five,15
Follow You Home,￥186.68,One,15
Frostbite (Vampire Academy #2),￥262.10,Five,15
Full Moon over Noah’s Ark: An Odyssey to Mount Ararat and Beyond,￥431.99,Four,15
Shoe Dog: A Memoir by the Creator of NIKE,￥209.66,Two,15
Eureka Trivia 6.0,￥477.09,Four,15
Secrets and Lace (Fatal Hearts #1),￥177.15,One,15
Wild Swans,￥125.50,Two,14
Grumbles,￥193.67,Two,15
Agnostic: A Spirited Manifesto,￥109.33,Five,15
Suddenly in Love (Lake Haven #1),￥489.32,Two,15
"Wonder Woman: Earth One, Volume One (Wonder Woman: Earth One #1)",￥326.33,Four,14
You (You #1),￥381.13,Five,14
Amatus,￥441.69,Five,15
Amy Meets the Saints and Sages,￥161.33,Three,15
Zealot: The Life and Times of Jesus of Nazareth,￥215.87,Three,14
Why the Right Went Wrong: Conservatism--From Goldwater to the Tea Party and Beyond,￥460.13,Four,14
Batman: The Dark Knight Returns (Batman),￥134.41,Five,15
Batman: The Long Halloween (Batman),￥318.99,Two,15
Beauty Restored (Riley Family Legacy Novellas #3),￥97.10,Two,15
Becoming Wise: An Inquiry into the Mystery and Art of Living,￥239.72,Two,15
Big Magic: Creative Living Beyond Fear,￥269.18,Three,15
Anonymous,￥409.18,Four,15
Ayumi's Violin,￥135.29,Two,15
The Rosie Project (Don Tillman #1),￥472.28,One,14
The Song of Achilles,￥326.86,Five,14
The Testament of Mary,￥460.31,Four,14
Close to You,￥432.26,Four,15
The Wedding Pact (The O'Malleys #2),￥285.00,Three,14
The Star-Touched Queen,￥402.19,Five,14
The White Queen (The Cousins' War #1),￥226.44,Five,14
Amid the Chaos,￥319.69,One,15
The Time Keeper,￥243.66,Five,14
Through the Woods,￥221.81,Two,14
This Is Where It Ends,￥237.02,Two,14
The Songs of the Gods,￥388.73,Five,14
The Wright Brothers,￥496.40,Four,14
Chasing Heaven: What Dying Taught Me About Living,￥330.35,Two,15
That Darkness (Gardiner and Renner #1),￥121.65,One,14
The 14th Colony (Cotton Malone #11),￥342.94,One,14
Twenty Yawns,￥192.97,Two,14
Take Me with You,￥395.11,Three,14
The Darkest Lie,￥308.94,Five,14
"Unbroken: A World War II Story of Survival, Resilience, and Redemption",￥401.58,Two,14
The Bad-Ass Librarians of Timbuktu: And Their Race to Save the World’s Most Precious Manuscripts,￥137.82,One,14
The Guilty (Will Robie #4),￥120.78,Two,14
The Dovekeepers,￥426.31,One,14
The Hidden Oracle (The Trials of Apollo #1),￥456.73,Two,14
The Year of Magical Thinking,￥376.15,Two,14
"Naruto (3-in-1 Edition), Vol. 14: Includes Vols. 40, 41 & 42 (Naruto: Omnibus #14)",￥335.51,Two,14
The Bane Chronicles (The Bane Chronicles #1-11),￥390.92,Four,14
Old School (Diary of a Wimpy Kid #10),￥103.39,Five,14
Tastes Like Fear (DI Marnie Rome #3),￥93.43,One,14
The First Hostage (J.B. Collins #2),￥225.92,Three,14
"Overload: How to Unplug, Unwind, and Unleash Yourself from the Pressure of Stress",￥455.76,Three,14
Rain Fish,￥205.99,Three,14
"Quarter Life Poetry: Poems for the Young, Broke and Hangry",￥444.75,Five,14
The Immortal Life of Henrietta Lacks,￥355.44,Two,14
Robin War,￥417.92,Three,14
The Help Yourself Cookbook for Kids: 60 Easy Plant-Based Recipes Kids Can Make to Stay Healthy and Save the Earth,￥251.44,Three,14
See America: A Celebration of Our National Parks & Treasured Sites,￥427.10,Three,14
Once Was a Time,￥159.76,Two,14
Someone Like You (The Harrisons #2),￥461.36,Five,14
"So Cute It Hurts!!, Vol. 6 (So Cute It Hurts!! #6)",￥309.64,Four,14
Shtum,￥488.01,Four,14
Steve Jobs,￥345.21,Five,14
Sorting the Beef from the Bull: The Science of Food Fraud Forensics,￥391.01,Four,14
"Hush, Hush (Hush, Hush #1)",￥410.93,Three,14
salt.,￥408.83,Four,14
No Dream Is Too High: Life Lessons From a Man Who Walked on the Moon,￥191.83,Two,14
I Am Pilgrim (Pilgrim #1),￥92.64,Four,14
Still Life with Bread Crumbs,￥230.81,Three,14
Pet Sematary,￥92.29,Three,14
"Hyperbole and a Half: Unfortunate Situations, Flawed Coping Mechanisms, Mayhem, and Other Things That Happened",￥128.91,Five,14
"It's All Easy: Healthy, Delicious Weeknight Meals in under 30 Minutes",￥170.86,One,14
Looking for Lovely: Collecting the Moments that Matter,￥254.67,Five,14
Lady Midnight (The Dark Artifices #1),￥142.28,Five,14
Let It Out: A Journey Through Journaling,￥234.13,Five,14
Lowriders to the Center of the Earth (Lowriders in Space #2),￥450.17,Two,14
Made to Stick: Why Some Ideas Survive and Others Die,￥339.53,Five,14
Love Is a Mix Tape (Music #1),￥157.57,One,14
"Red Hood/Arsenal, Vol. 1: Open for Business (Red Hood/Arsenal #1)",￥222.68,Two,14
I Know What I'm Doing -- and Other Lies I Tell Myself: Dispatches from a Life Under Construction,￥227.05,Four,14
More Than Music (Chasing the Dream #1),￥328.69,Two,14
Island of Dragons (Unwanteds #7),￥259.13,One,14
My Name Is Lucy Barton,￥363.21,One,14
"Living Leadership by Insight: A Good Leader Achieves, a Great Leader Builds Monuments",￥409.97,Four,14
Luis Paints the World,￥471.50,Three,14
My Kind of Crazy,￥352.73,One,14
Cometh the Hour (The Clifton Chronicles #6),￥218.57,Three,14
Demigods & Magicians: Percy and Annabeth Meet the Kanes (Percy Jackson & Kane Chronicles Crossover #1-3),￥327.82,Five,14
Luckiest Girl Alive,￥435.49,Three,14
Crazy Love: Overwhelmed by a Relentless God,￥417.05,Two,14
Doctor Sleep (The Shining #2),￥350.63,Two,14
Dear Mr. Knightley,￥97.97,Five,14
"Eat Fat, Get Thin",￥472.54,Two,14
Daily Fantasy Sports,￥319.69,One,14
"Eaternity: More than 150 Deliciously Easy Vegan Recipes for a Long, Healthy, Satisfied, Joyful Life",￥452.27,Five,14
El Deafo,￥503.57,Five,14
Every Last Word,￥406.12,Three,14
"Far & Away: Places on the Brink of Change: Seven Continents, Twenty-Five Years",￥131.62,Four,14
Feathers: Displays of Brilliant Plumage,￥428.67,Three,14
Eligible (The Austen Project #4),￥236.75,Three,14
My Mrs. Brown,￥213.94,Three,14
God: The Most Unpleasant Character in All Fiction,￥262.45,Five,14
Glory over Everything: Beyond The Kitchen House,￥400.62,Three,14
Don't Get Caught,￥483.73,One,14
Superman Vol. 1: Before Truth (Superman by Gene Luen Yang #1),￥103.91,Five,14
Eight Hundred Grapes,￥125.76,Four,14
Swell: A Year of Waves,￥398.35,One,14
Hamilton: The Revolution,￥513.80,Three,14
Hold Your Breath (Search and Rescue #1),￥251.87,One,14
The Literature Book (Big Ideas Simply Explained),￥152.33,Three,14
The Loney,￥204.50,One,14
Mr. Mercedes (Bill Hodges Trilogy #1),￥252.57,One,14
Angels Walking (Angels Walking #1),￥298.89,Two,14
The Marriage of Opposites,￥245.41,Four,14
The Last Mile (Amos Decker #2),￥473.77,Two,14
Art Ops Vol. 1,￥426.49,Three,14
The Long Haul (Diary of a Wimpy Kid #9),￥385.15,One,14
Barefoot Contessa Back to Basics,￥244.79,One,14
Greek Mythic History,￥89.41,Five,14
Batman: Europa,￥279.75,Two,14
Brain on Fire: My Month of Madness,￥431.03,Five,14
Balloon Animals,￥148.83,Three,14
Aristotle and Dante Discover the Secrets of the Universe (Aristotle and Dante Discover the Secrets of the Universe #1),￥508.11,Four,14
Carrie,￥404.03,Two,14
Angels & Demons (Robert Langdon #1),￥449.91,Three,14
Tipping Point for Planet Earth: How Close Are We to the Edge?,￥328.17,One,12
Will You Won't You Want Me?,￥121.13,Three,12
The Lucifer Effect: Understanding How Good People Turn Evil,￥90.89,One,14
The Silent Sister (Riley MacPherson #1),￥404.55,Five,12
The Star-Touched Queen,￥282.29,Five,12
"The Three Searches, Meaning, and the Story",￥116.50,Three,13
Searching for Meaning in Gailana,￥338.48,One,13
Buying In: The Secret Dialogue Between What We Buy and Who We Are,￥330.35,Four,14
1491: New Revelations of the Americas Before Columbus,￥190.52,Three,14
My Kitchen Year: 136 Recipes That Saved My Life,￥100.77,Two,13
A Brush of Wings (Angels Walking #3),￥485.13,One,14
Barefoot Contessa at Home: Everyday Recipes You'll Make Over and Over Again,￥442.39,Five,14
13 Hours: The Inside Account of What Really Happened In Benghazi,￥236.49,One,13
"Love, Lies and Spies",￥179.60,Two,12
Rook,￥330.88,Four,13
How to Speak Golf: An Illustrated Guide to Links Lingo,￥509.69,Five,12
Most Wanted,￥308.33,Three,12
Murder at the 42nd Street Library (Raymond Ambler #1),￥475.08,Four,12
One with You (Crossfire #5),￥137.30,Four,12
Poisonous (Max Revere Novels #3),￥234.22,Three,12
Psycho: Sanitarium (Psycho #1.5),￥323.10,Five,12
A Distant Mirror: The Calamitous 14th Century,￥127.42,Three,14
The Children,￥103.83,Three,12
The Diary of a Young Girl,￥523.50,Three,12
Stars Above (The Lunar Chronicles #4.5),￥419.93,Two,12
No Love Allowed (Dodge Cove #1),￥477.61,Four,12
The Epidemic (The Program 0.6),￥126.20,Five,12
The Golden Condom: And Other Essays on Love Lost and Found,￥344.60,One,12
Quench Your Own Thirst: Business Lessons Learned Over a Beer or Two,￥377.02,One,12
Snatched: How A Drug Queen Went Undercover for the DEA and Was Kidnapped By Colombian Guerillas,￥185.36,Three,12
Off the Hook (Fishing for Trouble #1),￥416.61,Three,11
Playing with Fire,￥119.82,Three,11
The Gray Rhino: How to Recognize and Act on the Obvious Dangers We Ignore,￥516.94,Four,12
The Dinner Party,￥494.13,Two,12
Raspberry Pi Electronics Projects for the Evil Genius,￥434.09,Four,12
"Setting the World on Fire: The Brief, Astonishing Life of St. Catherine of Siena",￥184.84,Two,11
Sleeping Giants (Themis Files #1),￥425.96,One,11
The Improbability of Love,￥519.56,One,11
The Widow,￥238.24,Two,11
Take Me Home Tonight (Rock Star Romance #3),￥471.76,Three,11
The Art of Startup Fundraising,￥183.53,Three,11
Troublemaker: Surviving Hollywood and Scientology,￥422.90,Two,11
Boar Island (Anna Pigeon #19),￥519.83,Three,12
Can You Keep a Secret? (Fear Street Relaunch #4),￥425.09,One,12
Dirty (Dive Bar #1),￥356.83,Four,12
"A la Mode: 120 Recipes in 60 Pairings: Pies, Tarts, Cakes, Crisps, and More Topped with Ice Cream, Gelato, Frozen Custard, and More",￥338.83,One,12
Everyday Italian: 125 Simple and Delicious Recipes,￥175.66,Five,12
Equal Is Unfair: America's Misguided Fight Against Income Inequality,￥496.93,One,12
Hide Away (Eve Duncan #20),￥103.48,One,12
The Midnight Watch: A Novel of the Titanic and the Californian,￥228.97,One,12
A Man Called Ove,￥347.13,One,14
Furiously Happy: A Funny Book About Horrible Things,￥362.34,Four,12
The Lonely City: Adventures in the Art of Being Alone,￥290.68,Two,12
Eleanor & Park,￥493.87,Five,12
A Study in Scarlet (Sherlock Holmes #1),￥146.21,Two,14
A People's History of the United States,￥356.48,Two,14
10-Day Green Smoothie Cleanse: Lose Up to 15 Pounds in 10 Days!,￥434.44,Five,10
"The Sleep Revolution: Transforming Your Life, One Night at a Time",￥102.08,Four,11
A Gentleman's Position (Society of Gentlemen #3),￥128.91,Five,11
A Paris Apartment,￥340.93,Four,12
A Time of Torment (Charlie Parker #14),￥422.55,Five,14
Adultery,￥182.48,Five,11
"A Series of Catastrophes and Miracles: A True Story of Love, Science, and Cancer",￥493.61,Two,14
Abstract City,￥492.65,Five,14
Born for This: How to Find the Work You Were Meant to Do,￥188.69,Five,11
Cravings: Recipes for What You Want to Eat,￥179.16,Three,11
"10% Happier: How I Tamed the Voice in My Head, Reduced Stress Without Losing My Edge, and Found Self-Help That Actually Works",￥214.73,Two,10
Grey (Fifty Shades #4),￥423.78,Four,11
Arena,￥186.68,Four,11
11/22/63,￥423.69,Three,11
"Exit, Pursued by a Bear",￥448.69,Four,11
Don't Forget Steven,￥290.41,One,9
"NaNo What Now? Finding your editing process, revising your NaNoWriMo book and building a writing career through publishing and beyond",￥90.98,Four,9
If I Gave You God's Phone Number....: Searching for Spirituality in America,￥182.74,One,9
"Fruits Basket, Vol. 9 (Fruits Basket #9)",￥296.71,Four,9
A Mother's Reckoning: Living in the Aftermath of Tragedy,￥170.68,Three,11
Modern Day Fables,￥414.60,Two,9
Suzie Snowflake: One beautiful flake (a self-esteem story),￥479.01,Five,9
Dress Your Family in Corduroy and Denim,￥381.74,Three,9
The Book of Mormon,￥214.73,Three,9
The Flowers Lied,￥145.77,Two,9
"The Fabric of the Cosmos: Space, Time, and the Texture of Reality",￥488.63,One,9
The Shack,￥244.97,One,9
The New Brand You: Your New Image Makes the Sale for You,￥384.97,Five,9
Shadows of the Past (Logan Point #1),￥346.70,Five,8
Silence in the Dark (Logan Point #4),￥509.78,Three,8
Daredevils,￥142.80,Three,11
The Alien Club,￥475.43,One,9
Smarter Faster Better: The Secrets of Being Productive in Life and Business,￥339.88,Five,8
Nap-a-Roo,￥219.19,One,9
"The Moosewood Cookbook: Recipes from Moosewood Restaurant, Ithaca, New York",￥107.85,Four,9
The Martian (The Martian #1),￥361.73,Two,8
The E-Myth Revisited: Why Most Small Businesses Don't Work and What to Do About It,￥322.57,One,8
The New Drawing on the Right Side of the Brain,￥375.97,Three,8
The Art and Science of Low Carbohydrate Living,￥463.02,Five,9
The Unlikely Pilgrimage of Harold Fry (Harold Fry #1),￥381.22,Five,8
South of Sunshine,￥252.83,One,8
Vagabonding: An Uncommon Guide to the Art of Long-Term World Travel,￥322.84,Two,8
The High Mountains of Portugal,￥447.03,One,8
When Breath Becomes Air,￥343.99,Two,8
Why Not Me?,￥155.21,One,8
"Zero to One: Notes on Startups, or How to Build the Future",￥297.67,Three,8
The Grownup,￥313.57,One,8
23 Degrees South: A Tropical Tale of Changing Whether...,￥312.79,Two,9
Hystopia: A Novel,￥191.92,Four,8
History of Beauty,￥89.93,Four,8
I Will Find You,￥386.37,One,8
Howl and Other Poems,￥353.51,Two,8
"The Midnight Assassin: Panic, Scandal, and the Hunt for America's First Serial Killer",￥248.64,Four,8
I'll Give You the Sun,￥493.61,One,8
Left Behind (Left Behind #1),￥355.87,Two,8
Kierkegaard: A Christian Missionary to Christians,￥411.89,One,8
Man's Search for Meaning,￥257.64,Three,8
Les Fleurs du Mal,￥253.80,Five,8
My Life Next Door (My Life Next Door ),￥318.03,Five,8
Please Kill Me: The Uncensored Oral History of Punk,￥272.59,Four,8
Out of Print: City Lights Spotlight No. 14,￥468.79,Five,8
Kill 'Em and Leave: Searching for James Brown and the American Soul,￥393.71,Five,8
Proofs of God: Classical Arguments from Tertullian to Barth,￥473.77,One,8
"Love That Boy: What Two Presidents, Eight Road Trips, and My Son Taught Me About a Parent's Expectations",￥219.01,Two,8
Rising Strong,￥190.70,Three,8
Living Forward: A Proven Plan to Stop Drifting and Get the Life You Want,￥109.68,Three,8
Miller's Valley,￥511.61,Two,8
A Hero's Curse (The Unseen Chronicles #1),￥441.26,Three,9
Roller Girl,￥123.23,Five,8
A Shard of Ice (The Black Symphony Saga #1),￥494.92,Three,9
Art and Fear: Observations on the Perils (and Rewards) of Artmaking,￥425.00,Four,9
Chernobyl 01:23:40: The Incredible True Story of the World's Worst Nuclear Disaster,￥313.92,Two,9
John Vassos: Industrial Design for Modern Life,￥176.71,Four,8
Unlimited Intuition Now,￥514.49,Four,9
Keep Me Posted,￥178.81,Four,11
Lab Girl,￥357.01,One,11
Without Shame,￥421.86,Five,9
M Train,￥237.54,One,11
Watchmen,￥507.33,Four,9
It Didn't Start with You: How Inherited Family Trauma Shapes Who We Are and How to End the Cycle,￥491.77,Three,11
Lies and Other Acts of Love,￥394.50,One,11
Lilac Girls,￥151.02,Two,11
"Adulthood Is a Myth: A ""Sarah's Scribbles"" Collection",￥95.26,Two,14
Mothering Sunday,￥116.58,Two,11
The Year of Living Biblically: One Man's Humble Quest to Follow the Bible as Literally as Possible,￥303.44,One,7
Underlying Notes,￥103.30,Two,9
Under the Tuscan Sun,￥326.25,Three,7
Unreasonable Hope: Finding Faith in the God Who Brings Purpose to Your Pain,￥404.90,Two,7
You Are a Badass: How to Stop Doubting Your Greatness and Start Living an Awesome Life,￥105.57,Three,7
Toddlers Are A**holes: It's Not Your Fault,￥223.29,One,7
"Mother, Can You Not?",￥147.61,Five,11
The Whale,￥314.27,Four,7
What Happened on Beale Street (Secrets of the South Mysteries #2),￥221.72,Five,7
Wildlife of New York: A Five-Borough Coloring Book,￥193.49,Two,7
"A Murder Over a Girl: Justice, Gender, Junior High",￥115.36,Three,8
32 Yolks,￥468.70,Two,8
"""Most Blessed of the Patriarchs"": Thomas Jefferson and the Empire of the Imagination",￥388.73,Five,8
Between the World and Me,￥497.36,Four,8
Ender's Game (The Ender Quintet #1),￥381.39,One,8
Death by Leisure: A Cautionary Tale,￥327.82,Four,8
Diary of a Citizen Scientist: Chasing Tiger Beetles and Other New Ways of Engaging the World,￥248.29,One,8
All the Light We Cannot See,￥261.05,Five,14
Future Shock (Future Shock #1),￥486.35,Five,8
Brazen: The Courage to Find the You That's Been Hiding,￥167.97,Two,8
Playing from the Heart,￥282.99,One,7
"Rich Dad, Poor Dad",￥452.18,One,7
"Carry On, Warrior: Thoughts on Life Unarmed",￥278.35,Three,14
Sister Dear,￥351.33,Four,7
"Shrunken Treasures: Literary Classics, Short, Sweet, and Silly",￥462.06,Three,7
Heaven is for Real: A Little Boy's Astounding Story of His Trip to Heaven and Back,￥461.97,Two,8
Catching Jordan (Hundred Oaks),￥444.23,Three,14
Steal Like an Artist: 10 Things Nobody Told You About Being Creative,￥182.66,Two,7
Raymie Nightingale,￥300.73,Two,7
"Sit, Stay, Love",￥182.66,Three,7
Brilliant Beacons: A History of the American Lighthouse,￥100.07,Three,8
The Bourne Identity (Jason Bourne #1),￥373.88,Four,7
Blue Like Jazz: Nonreligious Thoughts on Christian Spirituality,￥225.22,One,7
The Bachelor Girl's Guide to Murder (Herringford and Watts Mysteries #1),￥457.08,Five,7
The Art Book,￥282.64,Two,7
"Chronicles, Vol. 1",￥459.70,Two,7
Every Heart a Doorway (Every Heart A Doorway #1),￥106.27,Five,7
Delivering the Truth (Quaker Midwife Mystery #1),￥182.57,Four,7
Team of Rivals: The Political Genius of Abraham Lincoln,￥175.84,Five,7
The 7 Habits of Highly Effective People: Powerful Lessons in Personal Change,￥289.89,Four,7
For the Love: Fighting for Grace in a World of Impossible Standards,￥394.41,Three,7
"Fruits Basket, Vol. 7 (Fruits Basket #7)",￥171.03,One,7
Good in Bed (Cannie Shapiro #1),￥323.80,Five,7
Finding God in the Ruins: How God Redeems Pain,￥407.61,Two,7
King's Folly (The Kinsman Chronicles #1),￥346.17,Five,7
Counted With the Stars (Out from Egypt #1),￥157.05,Five,7
John Adams,￥501.91,Four,7
How to Be a Domestic Goddess: Baking and the Art of Comfort Cooking,￥246.89,Two,7
How to Cook Everything Vegetarian: Simple Meatless Recipes for Great Food (How to Cook Everything),￥402.10,Four,7
The Collected Poems of W.B. Yeats (The Collected Works of W.B. Yeats #1),￥134.76,Five,6
The God Delusion,￥409.45,Three,6
The Fellowship of the Ring (The Lord of the Rings #1),￥89.75,Two,6
The Golden Compass (His Dark Materials #1),￥164.04,One,6
The Makings of a Fatherless Child,￥275.99,Two,6
The Man Who Mistook His Wife for a Hat and Other Clinical Tales,￥519.56,Four,6
The Joy of Cooking,￥378.16,Four,6
The Invention of Wings,￥326.33,One,6
The Great Railway Bazaar,￥266.90,One,6
A Year in Provence (Provence #1),￥497.10,Four,6
An Unquiet Mind: A Memoir of Moods and Madness,￥186.15,Three,6
Catherine the Great: Portrait of a Woman,￥511.70,Four,6
The Girl You Left Behind (The Girl You Left Behind #1),￥138.00,One,6
"Death Note, Vol. 6: Give-and-Take (Death Note #6)",￥318.03,Three,6
The Mysterious Affair at Styles (Hercule Poirot #1),￥216.74,Four,6
Deception Point,￥352.38,Four,6
Better Homes and Gardens New Cook Book,￥346.17,Three,6
"Girl, Interrupted",￥368.28,Three,6
How to Stop Worrying and Start Living,￥406.30,Five,6
Fun Home: A Family Tragicomic,￥494.57,Four,6
Give It Back,￥160.11,Two,6
In Cold Blood,￥436.80,Four,6
Me Before You (Me Before You #1),￥166.23,One,6
The Hobbit (Middle-Earth Universe),￥155.56,Five,6
Musicophilia: Tales of Music and the Brain,￥407.09,One,6
The Fault in Our Stars,￥412.68,One,5
The False Prince (The Ascendance Trilogy #1),￥489.41,Five,5
Mere Christianity,￥423.95,Three,6
"Fruits Basket, Vol. 6 (Fruits Basket #6)",￥183.18,Four,6
In the Woods (Dublin Murder Squad #1),￥335.42,Two,6
The Expatriates,￥389.61,Two,5
The Firm,￥398.17,Three,5
The Hiding Place,￥488.63,Four,5
Pride and Prejudice,￥168.41,Four,6
The Little Paris Bookshop,￥216.13,Three,5
The Grand Design,￥120.26,Three,5
The Raven Boys (The Raven Cycle #1),￥504.62,Four,5
Kill the Boy Band,￥135.64,Five,5
Being Mortal: Medicine and What Matters in the End,￥481.20,Four,8
Last One Home (New Beginnings #1),￥524.20,Three,5
The Metamorphosis,￥249.77,One,5
The Mathews Men: Seven Brothers and the War Against Hitler's U-boats,￥375.01,Five,5
The Power Greens Cookbook: 140 Delicious Superfood Recipes,￥96.57,Five,5
Peak: Secrets from the New Science of Expertise,￥142.28,Two,5
Mexican Today: New and Rediscovered Recipes for Contemporary Kitchens,￥217.70,Five,5
Killing Floor (Jack Reacher #1),￥275.21,Four,5
Logan Kade (Fallen Crest High #5.5),￥114.66,Two,5
Red Dragon (Hannibal Lecter #1),￥204.24,Three,5
My Mother Was Nuts,￥276.43,Four,5
Talking to Girls About Duran Duran: One Young Man's Quest for True Love and a Cooler Haircut,￥219.80,Four,5
Maybe Something Beautiful: How Art Transformed a Neighborhood,￥196.99,One,5
The 5th Wave (The 5th Wave #1),￥103.39,Two,5
Tell the Wind and Fire,￥397.73,Three,5
Siddhartha,￥299.07,Five,5
Tell Me Three Things,￥365.40,One,5
The Crossover,￥338.83,Four,5
Shiver (The Wolves of Mercy Falls #1),￥141.84,Five,5
The Dream Thieves (The Raven Cycle #2),￥301.51,One,5
An Abundance of Katherines,￥87.39,Five,5
The Raven King (The Raven Cycle #4),￥267.17,Two,5
The Secret Garden,￥131.79,Four,5
Approval Junkie: Adventures in Caring Too Much,￥513.97,Five,5
Remember Me?,￥100.33,Three,5
Lola and the Boy Next Door (Anna and the French Kiss #2),￥206.51,Four,5
The Darkest Corners,￥99.02,Five,5
Booked,￥152.85,Five,5
Dracula the Un-Dead,￥311.39,Five,5
Critique of Pure Reason,￥181.34,One,5
America's War for the Greater Middle East: A Military History,￥447.64,Two,5
"Data, A Love Story: How I Gamed Online Dating to Meet My Match",￥282.72,Three,5
"Blue Lily, Lily Blue (The Raven Cycle #3)",￥298.28,Five,5
Evicted: Poverty and Profit in the American City,￥369.42,One,5
Drama,￥338.22,Two,5
"Death Note, Vol. 5: Whiteout (Death Note #5)",￥458.04,One,5
The Beast (Black Dagger Brotherhood #14),￥402.72,Five,4
The Demonists (Demonist #1),￥455.42,Two,4
"The Demon Prince of Momochi House, Vol. 4 (The Demon Prince of Momochi House #4)",￥243.66,Two,4
The Bone Hunters (Lexy Vaughan & Steven Macaulay #2),￥521.84,Three,4
The Geography of Bliss: One Grump's Search for the Happiest Places in the World,￥246.72,Two,4
The Hunger Games (The Hunger Games #1),￥260.87,Five,4
Find Her (Detective D.D. Warren #8),￥195.50,One,5
Some Women,￥119.99,Five,4
Digital Fortress,￥506.89,Five,5
Fool Me Once,￥148.22,One,5
The Pilgrim's Progress,￥439.25,Two,4
The Shining (The Shining #1),￥243.66,Three,4
The Hound of the Baskervilles (Sherlock Holmes #5),￥129.52,Two,4
The Perfect Play (Play by Play #1),￥524.28,Three,4
The Gunning of America: Business and the Making of American Gun Culture,￥146.91,Four,4
The Passion of Dolssa,￥247.50,Five,4
A Clash of Kings (A Song of Ice and Fire #2),￥94.30,Three,5
God Is Not Great: How Religion Poisons Everything,￥242.96,One,4
A Feast for Crows (A Song of Ice and Fire #4),￥150.41,Four,5
A Game of Thrones (A Song of Ice and Fire #1),￥405.69,Two,5
"Fruits Basket, Vol. 4 (Fruits Basket #4)",￥440.82,Four,4
Harry Potter and the Chamber of Secrets (Harry Potter #2),￥128.82,One,4
The Jazz of Physics: The Secret Link Between Music and the Structure of the Universe,￥338.31,Three,4
Harry Potter and the Prisoner of Azkaban (Harry Potter #3),￥211.23,Four,4
Harry Potter and the Sorcerer's Stone (Harry Potter #1),￥121.48,Three,4
Harry Potter and the Order of the Phoenix (Harry Potter #5),￥276.43,Four,4
Harry Potter and the Half-Blood Prince (Harry Potter #6),￥426.05,Five,4
Misery,￥304.05,Two,4
Girl With a Pearl Earring,￥233.96,One,4
It,￥218.57,Three,4
Gone with the Wind,￥283.95,Three,4
Little Women (Little Women #1),￥245.32,Four,4
Wild: From Lost to Found on the Pacific Crest Trail,￥402.19,Three,3
Vogue Colors A to Z: A Fashion Coloring Book,￥457.51,Four,4
We the People: The Modern-Day Figures Who Have Reshaped and Affirmed the Founding Fathers' Vision of America,￥279.23,Three,3
We Are All Completely Beside Ourselves,￥210.10,One,3
Mockingjay (The Hunger Games #3),￥178.64,Four,4
"A History of God: The 4,000-Year Quest of Judaism, Christianity, and Islam",￥241.38,One,4
Zero History (Blue Ant #3),￥303.87,One,3
'Salem's Lot,￥433.13,Four,4
World War Z: An Oral History of the Zombie War,￥190.52,One,3
A Walk to Remember,￥493.17,One,4
When You Are Engulfed in Flames,￥269.96,Five,3
Wuthering Heights,￥154.95,Three,3
A New Earth: Awakening to Your Life's Purpose,￥486.35,Five,4
Animal Farm,￥500.07,Three,4
Can You Keep a Secret?,￥191.74,One,4
Candide,￥512.40,Three,4
Atlas Shrugged,￥232.30,Five,4
"Where'd You Go, Bernadette",￥158.45,One,3
Dark Lover (Black Dagger Brotherhood #1),￥112.48,One,4
Needful Things,￥415.21,Four,4
Changing the Game (Play by Play #2),￥116.93,Three,4
No One Here Gets Out Alive,￥174.96,Five,4
Confessions of a Shopaholic (Shopaholic #1),￥427.71,Two,4
Night Shift (Night Shift #1-20),￥111.43,Four,4
Far From True (Promise Falls Trilogy #2),￥305.27,Two,4
Paper and Fire (The Great Library #2),￥432.17,Five,4
The Smitten Kitchen Cookbook,￥206.16,One,3
"Orchestra of Exiles: The Story of Bronislaw Huberman, the Israel Philharmonic, and the One Thousand Jews He Saved from Nazi Horrors",￥108.02,Three,4
The Thing About Jellyfish,￥426.23,One,3
The Stand,￥505.67,Two,3
The Travelers,￥137.82,One,3
The Undomestic Goddess,￥399.83,Four,3
The Wild Robot,￥490.02,Three,3
Three-Martini Lunch,￥202.84,Three,3
"Trespassing Across America: One Man's Epic, Never-Done-Before (and Sort of Illegal) Hike Across the Heartland",￥467.65,One,3
Twilight (Twilight #1),￥366.45,Two,3
Under the Banner of Heaven: A Story of Violent Faith,￥262.19,One,3
The Tipping Point: How Little Things Can Make a Big Difference,￥87.57,Two,3
Outlander (Outlander #1),￥171.91,Five,4
Two Boys Kissing,￥286.13,Two,3
"Unstuffed: Decluttering Your Home, Mind, and Soul",￥507.68,One,3
Twenties Girl,￥374.05,Two,3
Walk the Edge (Thunder Road #2),￥282.81,Three,3
"Thinking, Fast and Slow",￥184.75,One,3
"The Wicked + The Divine, Vol. 3: Commercial Suicide (The Wicked + The Divine)",￥125.94,Three,3
Voyager (Outlander #3),￥184.14,Five,3
A Girl's Guide to Moving On (New Beginnings #2),￥273.55,One,5
Shopaholic Ties the Knot (Shopaholic #3),￥422.90,Five,4
"Fruits Basket, Vol. 5 (Fruits Basket #5)",￥142.72,One,5
Harry Potter and the Deathly Hallows (Harry Potter #7),￥203.81,One,5
Alight (The Generations Trilogy #2),￥512.05,Four,5
Isla and the Happily Ever After (Anna and the French Kiss #3),￥420.63,Five,5
This Is Your Brain on Music: The Science of a Human Obsession,￥335.60,One,5
Very Good Lives: The Fringe Benefits of Failure and the Importance of Imagination,￥442.74,Three,3
I Know Why the Caged Bird Sings (Maya Angelou's Autobiography #1),￥319.43,Two,5
Vegan Vegetarian Omnivore: Dinner for Everyone at the Table,￥119.38,Two,3
If I Stay (If I Stay #1),￥333.24,Five,5
Where She Went (If I Stay #2),￥364.70,Four,5
Foundation (Foundation (Publication Order) #1),￥283.33,One,5
Why Save the Bankers?: And Other Essays on Our Economic and Political Crisis,￥425.35,Two,5
What If?: Serious Scientific Answers to Absurd Hypothetical Questions,￥469.14,Four,5
The Lover's Dictionary,￥507.68,Two,3
The Name of God is Mercy,￥325.55,Two,3
The Nanny Diaries (Nanny #1),￥459.09,Five,3
The New Guy (and Other Senior Year Distractions),￥392.58,Three,3
The Maze Runner (The Maze Runner #1),￥182.92,One,3
Two Summers,￥127.95,One,5
The Nightingale,￥229.50,Four,3
The Picture of Dorian Gray,￥259.56,Two,3
The Purest Hook (Second Circle Tattoos #3),￥107.06,One,3
The Red Tent,￥311.65,Five,3
The Rest Is Noise: Listening to the Twentieth Century,￥303.87,One,3
The Restaurant at the End of the Universe (Hitchhiker's Guide to the Galaxy #2),￥95.44,One,3
The Obsession,￥397.04,One,3
The Road to Little Dribbling: Adventures of an American in Britain (Notes From a Small Island #2),￥202.84,One,3
The Rose & the Dagger (The Wrath and the Dawn #2),￥512.48,Four,3
"Will Grayson, Will Grayson (Will Grayson, Will Grayson)",￥413.47,Four,5
The Rise of Theodore Roosevelt (Theodore Roosevelt #1),￥372.04,Three,3
The Lonely Ones,￥380.95,Five,3
The Silkworm (Cormoran Strike #2),￥201.45,Five,3
World Without End (The Pillars of the Earth #2),￥288.14,Four,5
"The Sandman, Vol. 3: Dream Country (The Sandman (volumes) #3)",￥485.48,Five,3
"The Disappearing Spoon: And Other True Tales of Madness, Love, and the History of the World from the Periodic Table of the Elements",￥501.21,Five,3
The Demon-Haunted World: Science as a Candle in the Dark,￥456.64,Four,3
"The End of Faith: Religion, Terror, and the Future of Reason",￥193.41,Four,3
The Day the Crayons Came Home (Crayons),￥230.11,Five,3
The Exiled,￥379.73,Three,3
The Girl Who Kicked the Hornet's Nest (Millennium Trilogy #3),￥502.35,One,3
The Devil Wears Prada (The Devil Wears Prada #1),￥387.07,One,3
The Paris Wife,￥321.61,Three,3
The Girl with All the Gifts,￥432.34,Three,3
The Purpose Driven Life: What on Earth Am I Here for?,￥325.02,Three,3
The Goldfinch,￥380.87,Three,3
The Guernsey Literary and Potato Peel Pie Society,￥432.87,One,3
The Giver (The Giver Quartet #1),￥107.50,One,3
Soldier (Talon #3),￥216.04,Two,3
Something Blue (Darcy & Rachel #2),￥477.35,One,3
Something Borrowed (Darcy & Rachel #1),￥427.89,Five,3
The Guns of August,￥127.07,Two,3
The Girl Who Played with Fire (Millennium Trilogy #2),￥193.49,Two,3
Shopaholic & Baby (Shopaholic #5),￥405.95,Two,3
Stiff: The Curious Lives of Human Cadavers,￥321.09,Three,3
"The Elegant Universe: Superstrings, Hidden Dimensions, and the Quest for the Ultimate Theory",￥113.88,Four,3
"Surely You're Joking, Mr. Feynman!: Adventures of a Curious Character",￥225.74,Two,3
The Book of Basketball: The NBA According to The Sports Guy,￥391.88,Five,3
Spilled Milk: Based on a True Story,￥432.69,One,3
The Book Thief,￥467.48,Two,3
The Autobiography of Malcolm X,￥204.77,Two,3
The Cat in the Hat (Beginner Books B-1),￥142.10,Two,3
The Blind Side: Evolution of a Game,￥469.40,Five,3
The Catcher in the Rye,￥214.55,One,3
The Case for Christ (Cases for Christianity),￥418.10,One,3
The Complete Poems,￥361.12,Five,3
The Complete Stories and Poems (The Works of Edgar Allan Poe [Cameo Edition]),￥234.04,Four,3
The Da Vinci Code (Robert Langdon #2),￥200.66,Two,3
"The Art of Simple Food: Notes, Lessons, and Recipes from a Delicious Revolution",￥299.94,Three,3
Orange Is the New Black,￥215.08,Two,3
The Cuckoo's Calling (Cormoran Strike #1),￥167.89,One,3
Packing for Mars: The Curious Science of Life in the Void,￥495.35,Two,3
Prodigy: The Graphic Novel (Legend: The Graphic Novel #2),￥381.30,Three,3
Ready Player One,￥166.66,Four,3
Outliers: The Story of Success,￥123.75,One,3
One for the Money (Stephanie Plum #1),￥287.27,Two,3
Quiet: The Power of Introverts in a World That Can't Stop Talking,￥380.61,One,3
Persepolis: The Story of a Childhood (Persepolis #1-2),￥341.98,One,3
Rogue Lawyer (Rogue Lawyer #1),￥437.94,Three,3
Running with Scissors,￥112.83,Four,3
"Rise of the Rocket Girls: The Women Who Propelled Us, from Missiles to the Moon to Mars",￥364.17,Four,3
Rework,￥392.23,Two,3
Reservations for Two,￥97.01,Three,3
Lady Renegades (Rebel Belle #3),￥463.54,Five,3
"Lamb: The Gospel According to Biff, Christ's Childhood Pal",￥485.04,Five,3
The Art of Fielding,￥193.14,One,3
"Lean In: Women, Work, and the Will to Lead",￥218.66,One,3
Legend (Legend #1),￥381.83,Four,3
Red: The True Story of Red Riding Hood,￥249.43,Three,3
Letter to a Christian Nation,￥194.02,One,3
Let's Pretend This Never Happened: A Mostly True Memoir,￥394.24,One,3
Life Without a Recipe,￥515.98,Five,3
Lust & Wonder,￥103.74,Two,3
Original Fake,￥274.86,Three,3
Manuscript Found in Accra,￥305.71,Two,3
"Miracles from Heaven: A Little Girl, Her Journey to Heaven, and Her Amazing Story of Healing",￥505.41,One,3
Life After Life,￥228.36,Two,3
"Life, the Universe and Everything (Hitchhiker's Guide to the Galaxy #3)",￥290.68,Two,3
Morning Star (Red Rising #3),￥256.94,One,3
Lila (Gilead #3),￥108.98,Three,3
Midnight Riot (Peter Grant/ Rivers of London - books #1),￥484.69,Two,3
Gone Girl,￥328.61,Five,3
Holidays on Ice,￥446.33,Two,3
Golden (Heart of Dread #3),￥368.89,Four,3
Heir to the Sky,￥385.15,Four,3
Me Talk Pretty One Day,￥503.40,Two,3
Horrible Bear!,￥327.91,Two,3
Naked,￥276.95,Three,3
House of Leaves,￥479.71,One,3
"House of Lost Worlds: Dinosaurs, Dynasties, and the Story of Life on Earth",￥381.92,Two,3
Gratitude,￥233.00,Five,3
Green Eggs and Ham (Beginner Books B-16),￥94.30,Four,3
Cosmos,￥316.11,Two,3
"Grayson, Vol 3: Nemesis (Grayson #3)",￥373.35,One,3
Crazy Rich Asians (Crazy Rich Asians #1),￥429.37,Five,3
"David and Goliath: Underdogs, Misfits, and the Art of Battling Giants",￥155.65,One,3
Darkfever (Fever #1),￥489.59,One,3
Counting Thyme,￥92.81,One,3
Do Androids Dream of Electric Sheep? (Blade Runner #1),￥449.91,One,3
Dead Wake: The Last Crossing of the Lusitania,￥342.94,Five,3
Eragon (The Inheritance Cycle #1),￥383.40,Three,3
Extreme Prey (Lucas Davenport #26),￥221.98,Three,3
Hungry Girl Clean & Hungry: Easy All-Natural Recipes for Healthy Eating in the Real World,￥289.63,Three,3
Dracula,￥459.87,Three,3
Disrupted: My Misadventure in the Start-Up Bubble,￥133.54,Five,3
Fellside,￥337.52,One,3
Fifty Shades Freed (Fifty Shades #3),￥134.24,Five,3
Dark Places,￥208.87,Five,3
Dune (Dune #1),￥479.45,One,3
Eclipse (Twilight #3),￥163.78,One,3
"Friday Night Lights: A Town, a Team, and a Dream",￥447.64,Three,3
I've Got Your Number,￥172.08,One,3
Are We Smart Enough to Know How Smart Animals Are?,￥494.48,One,3
"Fruits Basket, Vol. 3 (Fruits Basket #3)",￥394.76,Two,3
Are We There Yet?,￥93.16,Three,3
Fire Bound (Sea Haven/Sisters of the Heart #5),￥185.98,Four,3
Girl in the Blue Coat,￥409.27,Two,3
Awkward,￥332.28,Two,3
Beowulf,￥335.16,Two,3
Big Little Lies,￥193.23,One,3
Ash,￥192.79,Four,3
I Am Malala: The Girl Who Stood Up for Education and Was Shot by the Taliban,￥252.40,Two,3
Black Flags: The Rise of ISIS,￥357.18,One,3
Beautiful Creatures (Caster Chronicles #1),￥188.34,Five,3
Best of My Love (Fool's Gold #20),￥239.55,Two,3
Brave Enough,￥448.51,Five,3
"Born to Run: A Hidden Tribe, Superathletes, and the Greatest Race the World Has Never Seen",￥239.03,Two,3
Boy Meets Boy,￥184.58,Three,3
Breaking Dawn (Twilight #4),￥308.33,Five,3
Between Shades of Gray,￥181.69,Five,3
Blink: The Power of Thinking Without Thinking,￥190.00,Five,3
"Black Butler, Vol. 1 (Black Butler #1)",￥430.94,One,3
Catastrophic Happiness: Finding Joy in Childhood's Messy Years,￥326.42,Two,3
"In the Garden of Beasts: Love, Terror, and an American Family in Hitler's Berlin",￥252.13,Three,3
If I Run (If I Run #1),￥436.71,Four,3
Inferno (Robert Langdon #4),￥358.32,Five,3
Girl Online On Tour (Girl Online #2),￥467.30,One,2
Civilization and Its Discontents,￥523.93,Two,3
Kindle Paperwhite User's Guide,￥297.14,Three,2
"Run, Spot, Run: The Ethics of Keeping Pets",￥174.96,One,2
H is for Hawk,￥501.82,Five,2
"Saga, Volume 2 (Saga (Collected Editions) #2)",￥102.69,Three,2
New Moon (Twilight #2),￥112.39,Four,2
Life,￥275.99,Five,2
Sugar Rush (Offensive Line #2),￥213.42,One,2
Cinder (The Lunar Chronicles #1),￥228.01,One,3
"The Sandman, Vol. 2: The Doll's House (The Sandman (volumes) #2)",￥479.01,One,2
Into the Wild,￥495.53,Five,3
#GIRLBOSS,￥445.36,One,3
A Heartbreaking Work of Staggering Genius,￥474.47,Five,3
"The Suffragettes (Little Black Classics, #96)",￥103.91,Two,2
Career of Evil (Cormoran Strike #3),￥216.04,Two,3
The Course of Love,￥146.65,Three,2
The Silent Wife,￥107.85,Five,1
The Sense of an Ending,￥274.25,Three,2
The Story of Hong Gildong,￥377.46,Four,1
The Zombie Room,￥172.08,Five,1
"The Wicked + The Divine, Vol. 1: The Faust Act (The Wicked + The Divine)",￥319.17,Two,1
The Tumor,￥363.21,Five,1
8 Keys to Mental Health Through Exercise,￥271.27,One,3
The Selfish Gene,￥257.38,One,1
Vampire Girl (Vampire Girl #1),￥470.36,Two,1
This One Moment (Pushing Limits #1),￥425.70,One,1
Twenty Love Poems and a Song of Despair,￥270.49,Four,1
The Silent Twin (Detective Jennifer Knight #3),￥316.81,Three,1
Ways of Seeing,￥345.30,Five,1
When I'm Gone,￥454.10,Three,1
Travels with Charley: In Search of America,￥505.32,Five,1
The Complete Maus (Maus #1-2),￥92.99,Three,1
The Edge of Reason (Bridget Jones #2),￥167.62,Four,1
Three Wishes (River of Time: California #1),￥386.11,Two,1
The Girl In The Ice (DCI Erika Foster #1),￥138.52,Three,1
"Vampire Knight, Vol. 1 (Vampire Knight #1)",￥134.59,One,1
The Girl You Lost,￥107.41,Five,1
The End of the Jesus Era (An Investigation #1),￥125.85,One,1
Where Lightning Strikes (Bleeding Stars #3),￥347.57,Three,1
The Light of the Fireflies,￥475.69,One,1
The Little Prince,￥396.95,Two,1
The Name of the Wind (The Kingkiller Chronicle #1),￥442.13,Three,1
The No. 1 Ladies' Detective Agency (No. 1 Ladies' Detective Agency #1),￥504.27,Four,1
The Hook Up (Game On #1),￥317.16,Five,1
The Mirror & the Maze (The Wrath and the Dawn #1.5),￥256.77,One,1
The Iliad,￥141.23,One,1
The Republic,￥295.22,Three,1
The Haters,￥243.74,Five,1
The Last Girl (The Dominion Trilogy #1),￥316.89,Two,1
The Secret Healer,￥302.04,Three,1
The Odyssey,￥259.04,Three,1
"Ouran High School Host Club, Vol. 1 (Ouran High School Host Club #1)",￥261.05,Three,1
The Communist Manifesto,￥129.00,Three,1
"The Sandman, Vol. 1: Preludes and Nocturnes (The Sandman (volumes) #1)",￥472.98,Three,1
The Nicomachean Ethics,￥317.59,One,1
Origins (Alphas 0.5),￥253.36,One,1
Paradise Lost (Paradise #1),￥218.14,One,1
"Paper Girls, Vol. 1 (Paper Girls #1-5)",￥189.73,Four,1
"Rat Queens, Vol. 1: Sass & Sorcery (Rat Queens (Collected Editions) #1-5)",￥410.41,Five,1
"Rhythm, Chord & Malykhin",￥247.68,Two,1
"Saga, Volume 1 (Saga (Collected Editions) #1)",￥248.90,One,1
Sense and Sensibility,￥327.38,One,1
Sister Sable (The Mad Queen #1),￥116.50,Three,1
Shatter Me (Shatter Me #1),￥370.55,One,1
Settling the Score (The Summer Games #1),￥392.49,Two,1
One Second (Seven #7),￥462.67,Two,1
Shadow Rites (Jane Yellowrock #10),￥189.82,Four,1
Shameless,￥509.95,Three,1
Icing (Aces Hockey #2),￥353.43,Four,1
"Fruits Basket, Vol. 1 (Fruits Basket #1)",￥352.03,Five,1
Having the Barbarian's Baby (Ice Planet Barbarians #7.5),￥305.53,Four,1
"Skip Beat!, Vol. 01 (Skip Beat! #1)",￥368.11,Three,1
Jane Eyre,￥335.86,Five,1
"Hawkeye, Vol. 1: My Life as a Weapon (Hawkeye #1)",￥395.37,Three,1
Matilda,￥247.68,One,1
Listen to Me (Fusion #1),￥515.54,Three,1
Meditations,￥226.27,Two,1
"Giant Days, Vol. 1 (Giant Days #1-4)",￥496.05,Four,1
"Ms. Marvel, Vol. 1: No Normal (Ms. Marvel (2014-2015) #1)",￥344.25,Four,1
Imperfect Harmony,￥303.61,Four,1
Myriad (Prentor #1),￥513.45,Four,1
Off Sides (Off #1),￥344.77,Five,1
Kitchens of the Great Midwest,￥499.90,Five,1
Lord of the Flies,￥217.53,Three,1
Of Mice and Men,￥411.72,Two,1
A Spy's Devotion (The Regency Spies of London #1),￥148.31,Five,1
My Perfect Mistake (Over the Top #1),￥340.14,Two,1
Alice in Wonderland (Alice's Adventures in Wonderland #1),￥485.30,One,1
"Bleach, Vol. 1: Strawberry and the Soul Reapers (Bleach #1)",￥302.82,Five,1
"Ajin: Demi-Human, Volume 1 (Ajin: Demi-Human #1)",￥498.68,Four,1
1st to Die (Women's Murder Club #1),￥471.76,One,1
Bridget Jones's Diary (Bridget Jones #1),￥260.61,One,1
Bounty (Colorado Mountain #7),￥325.63,Four,1
"1,000 Places to See Before You Die",￥227.93,Five,1
Bright Lines,￥341.45,Five,1
Charlie and the Chocolate Factory (Charlie Bucket #1),￥199.70,Three,1
Deep Under (Walker Security #1),￥411.54,Five,1
Choosing Our Religion: The Spiritual Lives of America's Nones,￥248.38,Four,1
Lost Among the Living,￥242.08,Four,1
Fighting Fate (Fighting #6),￥342.94,Three,1
Forever Rockers (The Rocker #12),￥251.70,Three,1
Beyond Good and Evil,￥379.12,One,1
Blood Defense (Samantha Brinkman #1),￥177.41,Three,1
On the Road (Duluoz Legend),￥282.81,Three,1
Starlark,￥225.74,Three,1
Emma,￥287.79,Two,1
The Bhagavad Gita,￥502.43,Three,1
Charity's Cross (Charles Towne Belles #4),￥360.42,One,1
"Eat, Pray, Love",￥448.51,Three,1
While You Were Mine,￥361.12,Five,1
The Bette Davis Club,￥267.95,Three,1
Old Records Never Die: One Man's Quest for His Vinyl and His Past,￥486.44,Two,1
Frankenstein,￥332.10,Two,1
"Fruits Basket, Vol. 2 (Fruits Basket #2)",￥101.73,Five,2
The Art of Not Breathing,￥356.83,Four,1
And Then There Were None,￥305.97,Two,3
"Y: The Last Man, Vol. 1: Unmanned (Y: The Last Man #1)",￥161.77,Four,1
A Storm of Swords (A Song of Ice and Fire #3),￥272.85,Two,3
Diary of a Minecraft Zombie Book 1: A Scare of a Dare (An Unofficial Minecraft Book),￥462.14,Four,2
Is Everyone Hanging Out Without Me? (And Other Concerns),￥175.75,Three,3
A Walk in the Woods: Rediscovering America on the Appalachian Trail,￥266.38,Four,3
Jurassic Park (Jurassic Park #1),￥393.02,One,3
A Visit from the Goon Squad,￥123.05,Five,3
Night (The Night Trilogy #1),￥118.07,One,3
Taking Shots (Assassins #1),￥165.00,Two,1
"Saga, Volume 3 (Saga (Collected Editions) #3)",￥188.51,Five,3
Scarlet (The Lunar Chronicles #2),￥127.33,Four,3
The Hitchhiker's Guide to the Galaxy (Hitchhiker's Guide to the Galaxy #1),￥417.75,Three,3
Annie on My Mind,￥321.88,Five,3
Seven Brief Lessons on Physics,￥267.43,Four,3
Sarah's Key,￥404.55,One,3
Notes from a Small Island (Notes From a Small Island #1),￥351.07,One,3
Neither Here nor There: Travels in Europe,￥340.40,Three,3
The Husband's Secret,￥458.91,Five,3
Tell the Wolves I'm Home,￥445.36,Two,6
Ship Leaves Harbor: Essays on Travel by a Recovering Journeyman,￥267.43,Three,6
The Last Painting of Sara de Vos,￥485.48,Two,3
The Lean Startup: How Today's Entrepreneurs Use Continuous Innovation to Create Radically Successful Businesses,￥296.44,Three,3
Seven Days in the Art World,￥457.34,Two,3
"The Land of 10,000 Madonnas",￥259.04,Four,3
The Barefoot Contessa Cookbook,￥523.67,Five,6
The Rise and Fall of the Third Reich: A History of Nazi Germany,￥346.70,Two,6
The Perks of Being a Wallflower,￥480.85,Three,6
A Summer In Europe,￥387.51,Two,7
Benjamin Franklin: An American Life,￥421.16,Three,7
It's Never Too Late to Begin Again: Discovering Creativity and Meaning at Midlife and Beyond,￥370.38,One,3
A Gathering of Shadows (Shades of Magic #2),￥391.62,Four,7
Leave This Song Behind: Teen Poetry at Its Best,￥447.20,Five,7
A Short History of Nearly Everything,￥457.95,Five,7
Life of Pi,￥115.54,Four,7
Memoirs of a Geisha,￥434.09,Three,7
"At The Existentialist Café: Freedom, Being, and apricot cocktails with: Jean-Paul Sartre, Simone de Beauvoir, Albert Camus, Martin Heidegger, Edmund Husserl, Karl Jaspers, Maurice Merleau-Ponty and others",￥261.57,Five,7
Meternity,￥380.87,Three,7
The Sound Of Love,￥505.49,Five,6
Nightstruck: A Novel,￥440.03,Four,7
The Infinities,￥239.55,One,3
The Faith of Christopher Hitchens: The Restless Soul of the World's Most Notorious Atheist,￥345.65,One,7
The Good Girl,￥428.50,Three,7
The Constant Princess (The Tudor Court #1),￥145.25,Three,7
The Drowning Girls,￥311.74,Three,7
The Origin of Species,￥87.48,Four,7
The Story of Art,￥359.54,Four,7
The Glass Castle,￥141.93,One,7
The Great Gatsby,￥315.06,Four,7
City of Bones (The Mortal Instruments #1),￥378.25,One,14
City of Ashes (The Mortal Instruments #2),￥413.12,One,14
City of Glass (The Mortal Instruments #3),￥489.59,Four,14
Until Friday Night (The Field Party #1),￥404.73,Two,14
Cell,￥177.32,Four,14
The Power of Habit: Why We Do What We Do in Life and Business,￥147.52,Three,14
"Naturally Lean: 125 Nourishing Gluten-Free, Plant-Based Recipes--All Under 300 Calories",￥99.46,Five,7
Code Name Verity (Code Name Verity #1),￥193.41,Four,14
Like Never Before (Walker Family #2),￥251.44,Two,7
City of Fallen Angels (The Mortal Instruments #4),￥98.14,Four,14
Clockwork Angel (The Infernal Devices #1),￥385.76,One,14
Walt Disney's Alice in Wonderland,￥113.26,Five,14
Whole Lotta Creativity Going On: 60 Fun and Unusual Exercises to Awaken and Strengthen Your Creativity,￥333.85,Four,14
V for Vendetta (V for Vendetta Complete),￥324.24,Four,14
"We Are Robin, Vol. 1: The Vigilante Business (We Are Robin #1)",￥471.06,One,14
Dark Notes,￥167.71,Five,15
I Had a Nice Time And Other Lies...: How to find love & sh*t like that,￥501.30,Four,15
Large Print Heart of the Pride,￥167.36,Two,15
What's It Like in Space?: Stories from Astronauts Who've Been There,￥171.29,Two,14
Little Red,￥117.72,Three,15
Hollow City (Miss Peregrine’s Peculiar Children #2),￥375.62,One,15
Modern Romance,￥246.98,Five,15
"Daring Greatly: How the Courage to Be Vulnerable Transforms the Way We Live, Love, Parent, and Lead",￥169.81,Three,15
Louisa: The Extraordinary Life of Mrs. Adams,￥147.26,Two,15
Library of Souls (Miss Peregrine’s Peculiar Children #3),￥424.39,Five,15
Miss Peregrine’s Home for Peculiar Children (Miss Peregrine’s Peculiar Children #1),￥94.04,One,15
